-- phpMyAdmin SQL Dump
-- version 3.4.5
-- http://www.phpmyadmin.net
--
-- Host: localhost
-- Generation Time: Nov 07, 2019 at 02:48 AM
-- Server version: 1.0.406
-- PHP Version: 5.3.8

SET SQL_MODE="NO_AUTO_VALUE_ON_ZERO";
SET time_zone = "+00:00";


/*!40101 SET @OLD_CHARACTER_SET_CLIENT=@@CHARACTER_SET_CLIENT */;
/*!40101 SET @OLD_CHARACTER_SET_RESULTS=@@CHARACTER_SET_RESULTS */;
/*!40101 SET @OLD_COLLATION_CONNECTION=@@COLLATION_CONNECTION */;
/*!40101 SET NAMES utf8 */;

--
-- Database: `festadauva`
--

-- --------------------------------------------------------

--
-- Table structure for table `tec_categories`
--

CREATE TABLE IF NOT EXISTS `tec_categories` (
  `id` int(11) NOT NULL AUTO_INCREMENT,
  `code` varchar(20) NOT NULL,
  `name` varchar(55) NOT NULL,
  `image` varchar(100) DEFAULT 'no_image.png',
  PRIMARY KEY (`id`)
) ENGINE=InnoDB  DEFAULT CHARSET=utf8 AUTO_INCREMENT=16 ;

--
-- Dumping data for table `tec_categories`
--

INSERT INTO `tec_categories` (`id`, `code`, `name`, `image`) VALUES
(1, 'G01', 'teste', 'bdbc68aa9847d3dad074112ca58a3d42.jpg'),
(2, 'G02', 'Produtos Especiais', 'e3c45122fa6a568f0a5a1e24f0c03968.jpg'),
(3, '200', 'Bebidas', 'no_image.png'),
(4, '100', 'Assados', 'no_image.png'),
(5, '300', 'Cachorro Quente', 'no_image.png'),
(6, '400', 'Churrasco', 'no_image.png'),
(7, '500', 'Cozinha', 'no_image.png'),
(8, '600', 'Cucas', 'no_image.png'),
(9, '700', 'Tortas', 'no_image.png'),
(10, '800', 'Sucos', 'no_image.png'),
(11, '900', 'Uvas', 'no_image.png'),
(12, '1000', 'Sonorização', 'no_image.png'),
(13, '1100', 'Divulgação', 'no_image.png'),
(14, '1200', 'Investimentos', 'no_image.png'),
(15, '1300', 'Despesas Gerais', 'no_image.png');

-- --------------------------------------------------------

--
-- Table structure for table `tec_combo_items`
--

CREATE TABLE IF NOT EXISTS `tec_combo_items` (
  `id` int(11) NOT NULL AUTO_INCREMENT,
  `product_id` int(11) NOT NULL,
  `item_code` varchar(20) NOT NULL,
  `quantity` decimal(12,4) NOT NULL,
  `price` decimal(25,2) DEFAULT NULL,
  `cost` decimal(25,2) DEFAULT NULL,
  PRIMARY KEY (`id`)
) ENGINE=InnoDB  DEFAULT CHARSET=utf8 AUTO_INCREMENT=8 ;

--
-- Dumping data for table `tec_combo_items`
--

INSERT INTO `tec_combo_items` (`id`, `product_id`, `item_code`, `quantity`, `price`, `cost`) VALUES
(5, 18, '03', 1.0000, NULL, NULL),
(6, 18, '02', 1.0000, NULL, NULL),
(7, 18, '0015', 1.0000, NULL, NULL);

-- --------------------------------------------------------

--
-- Table structure for table `tec_customers`
--

CREATE TABLE IF NOT EXISTS `tec_customers` (
  `id` int(11) NOT NULL AUTO_INCREMENT,
  `name` varchar(55) NOT NULL,
  `cf1` varchar(255) NOT NULL,
  `cf2` varchar(255) NOT NULL,
  `phone` varchar(20) NOT NULL,
  `email` varchar(100) NOT NULL,
  PRIMARY KEY (`id`)
) ENGINE=InnoDB  DEFAULT CHARSET=utf8 AUTO_INCREMENT=6 ;

--
-- Dumping data for table `tec_customers`
--

INSERT INTO `tec_customers` (`id`, `name`, `cf1`, `cf2`, `phone`, `email`) VALUES
(5, 'Publico em Geral', '02631969090', '80108050577', '9', 'publico@geral.com');

-- --------------------------------------------------------

--
-- Table structure for table `tec_expenses`
--

CREATE TABLE IF NOT EXISTS `tec_expenses` (
  `id` int(11) NOT NULL AUTO_INCREMENT,
  `date` timestamp NOT NULL DEFAULT CURRENT_TIMESTAMP,
  `reference` varchar(50) NOT NULL,
  `amount` decimal(25,2) NOT NULL,
  `note` varchar(1000) DEFAULT NULL,
  `created_by` varchar(55) NOT NULL,
  `attachment` varchar(55) DEFAULT NULL,
  PRIMARY KEY (`id`)
) ENGINE=InnoDB DEFAULT CHARSET=utf8 AUTO_INCREMENT=1 ;

-- --------------------------------------------------------

--
-- Table structure for table `tec_gift_cards`
--

CREATE TABLE IF NOT EXISTS `tec_gift_cards` (
  `id` int(11) NOT NULL AUTO_INCREMENT,
  `date` timestamp NULL DEFAULT CURRENT_TIMESTAMP,
  `card_no` varchar(20) NOT NULL,
  `value` decimal(25,2) NOT NULL,
  `customer_id` int(11) DEFAULT NULL,
  `balance` decimal(25,2) NOT NULL,
  `expiry` date DEFAULT NULL,
  `created_by` int(11) DEFAULT NULL,
  PRIMARY KEY (`id`),
  UNIQUE KEY `card_no` (`card_no`)
) ENGINE=InnoDB DEFAULT CHARSET=utf8 AUTO_INCREMENT=1 ;

-- --------------------------------------------------------

--
-- Table structure for table `tec_groups`
--

CREATE TABLE IF NOT EXISTS `tec_groups` (
  `id` mediumint(8) unsigned NOT NULL AUTO_INCREMENT,
  `name` varchar(20) NOT NULL,
  `description` varchar(100) NOT NULL,
  PRIMARY KEY (`id`)
) ENGINE=InnoDB  DEFAULT CHARSET=utf8 AUTO_INCREMENT=3 ;

--
-- Dumping data for table `tec_groups`
--

INSERT INTO `tec_groups` (`id`, `name`, `description`) VALUES
(1, 'admin', 'Administrator'),
(2, 'staff', 'Staff');

-- --------------------------------------------------------

--
-- Table structure for table `tec_login_attempts`
--

CREATE TABLE IF NOT EXISTS `tec_login_attempts` (
  `id` mediumint(8) unsigned NOT NULL AUTO_INCREMENT,
  `ip_address` varbinary(16) NOT NULL,
  `login` varchar(100) NOT NULL,
  `time` int(11) unsigned DEFAULT NULL,
  PRIMARY KEY (`id`)
) ENGINE=InnoDB DEFAULT CHARSET=utf8 AUTO_INCREMENT=1 ;

-- --------------------------------------------------------

--
-- Table structure for table `tec_payments`
--

CREATE TABLE IF NOT EXISTS `tec_payments` (
  `id` int(11) NOT NULL AUTO_INCREMENT,
  `date` timestamp NULL DEFAULT CURRENT_TIMESTAMP,
  `sale_id` int(11) DEFAULT NULL,
  `customer_id` int(11) DEFAULT NULL,
  `transaction_id` varchar(50) DEFAULT NULL,
  `paid_by` varchar(20) NOT NULL,
  `cheque_no` varchar(20) DEFAULT NULL,
  `cc_no` varchar(20) DEFAULT NULL,
  `cc_holder` varchar(25) DEFAULT NULL,
  `cc_month` varchar(2) DEFAULT NULL,
  `cc_year` varchar(4) DEFAULT NULL,
  `cc_type` varchar(20) DEFAULT NULL,
  `amount` decimal(25,2) NOT NULL,
  `currency` varchar(3) DEFAULT NULL,
  `created_by` int(11) NOT NULL,
  `attachment` varchar(55) DEFAULT NULL,
  `note` varchar(1000) DEFAULT NULL,
  `pos_paid` decimal(25,2) DEFAULT '0.00',
  `pos_balance` decimal(25,2) DEFAULT '0.00',
  `gc_no` varchar(20) DEFAULT NULL,
  `reference` varchar(50) DEFAULT NULL,
  `updated_by` int(11) DEFAULT NULL,
  `updated_at` timestamp NULL DEFAULT NULL,
  PRIMARY KEY (`id`)
) ENGINE=InnoDB  DEFAULT CHARSET=utf8 AUTO_INCREMENT=58 ;

--
-- Dumping data for table `tec_payments`
--

INSERT INTO `tec_payments` (`id`, `date`, `sale_id`, `customer_id`, `transaction_id`, `paid_by`, `cheque_no`, `cc_no`, `cc_holder`, `cc_month`, `cc_year`, `cc_type`, `amount`, `currency`, `created_by`, `attachment`, `note`, `pos_paid`, `pos_balance`, `gc_no`, `reference`, `updated_by`, `updated_at`) VALUES
(37, '2019-09-27 00:15:07', 36, 2, NULL, 'cash', '', '', '', '', '', '', 10.00, NULL, 4, NULL, '', 20.00, 10.00, '', NULL, NULL, NULL),
(38, '2019-09-27 00:20:45', 37, 2, NULL, 'cash', '', '', '', '', '', '', 20.00, NULL, 4, NULL, '', 60.00, 40.00, '', NULL, NULL, NULL),
(39, '2019-10-04 00:05:10', 38, 2, NULL, 'cash', '', '', '', '', '', '', 10.00, NULL, 4, NULL, '', 50.00, 40.00, '', NULL, NULL, NULL),
(40, '2019-10-04 00:16:53', 39, 2, NULL, 'cash', '', '', '', '', '', '', 10.00, NULL, 4, NULL, '', 10.00, 0.00, '', NULL, NULL, NULL),
(41, '2019-10-04 01:09:35', 40, 2, NULL, 'cash', '', '', '', '', '', '', 10.00, NULL, 4, NULL, '', 30.00, 20.00, '', NULL, NULL, NULL),
(42, '2019-10-04 01:15:06', 41, 2, NULL, 'cash', '', '', '', '', '', '', 30.00, NULL, 4, NULL, '', 30.00, 0.00, '', NULL, NULL, NULL),
(43, '2019-10-04 01:46:11', 42, 2, NULL, 'cash', '', '', '', '', '', '', 30.00, NULL, 4, NULL, '', 30.00, 0.00, '', NULL, NULL, NULL),
(44, '2019-10-04 21:22:39', 43, 2, NULL, 'cash', '', '', '', '', '', '', 60.00, NULL, 4, NULL, '', 150.00, 90.00, '', NULL, NULL, NULL),
(45, '2019-10-04 21:28:06', 44, 2, NULL, 'cash', '', '', '', '', '', '', 20.00, NULL, 4, NULL, '', 20.00, 0.00, '', NULL, NULL, NULL),
(46, '2019-10-04 21:44:49', 45, 2, NULL, 'cash', '', '', '', '', '', '', 60.00, NULL, 12, NULL, '', 100.00, 40.00, '', NULL, NULL, NULL),
(47, '2019-10-04 21:45:03', 46, 2, NULL, 'cash', '', '', '', '', '', '', 20.00, NULL, 12, NULL, '', 50.00, 30.00, '', NULL, NULL, NULL),
(48, '2019-10-08 22:25:14', 47, 2, NULL, 'cash', '', '', '', '', '', '', 20.00, NULL, 4, NULL, '', 50.00, 30.00, '', NULL, NULL, NULL),
(49, '2019-10-26 15:27:22', 48, 2, NULL, 'cash', '', '', '', '', '', '', 30.00, NULL, 4, NULL, '', 50.00, 20.00, '', NULL, NULL, NULL),
(50, '2019-10-26 17:34:14', 49, 2, NULL, 'cash', '', '', '', '', '', '', 20.00, NULL, 4, NULL, '', 20.00, 0.00, '', NULL, NULL, NULL),
(51, '2019-10-28 22:01:19', 50, 4, NULL, 'cash', '', '', '', '', '', '', 30.00, NULL, 4, NULL, '', 100.00, 70.00, '', NULL, NULL, NULL),
(52, '2019-10-30 22:15:44', 51, 4, NULL, 'cash', '', '', '', '', '', '', 60.00, NULL, 4, NULL, '', 100.00, 40.00, '', NULL, NULL, NULL),
(53, '2019-10-31 21:27:08', 52, 2, NULL, 'cash', '', '', '', '', '', '', 70.00, NULL, 4, NULL, '', 200.00, 130.00, '', NULL, NULL, NULL),
(54, '2019-10-31 23:24:46', 53, 3, NULL, 'cash', '', '', '', '', '', '', 500.00, NULL, 13, NULL, '', 7190.00, 6690.00, '', NULL, NULL, NULL),
(55, '2019-11-01 21:18:12', 54, 5, NULL, 'cash', '', '', '', '', '', '', 30.00, NULL, 4, NULL, '', 100.00, 70.00, '', NULL, NULL, NULL),
(56, '2019-11-01 21:20:25', 56, 5, NULL, 'cash', '', '', '', '', '', '', 40.00, NULL, 4, NULL, '', 50.00, 10.00, '', NULL, NULL, NULL),
(57, '2019-11-01 22:34:34', 57, 5, NULL, 'cash', '', '', '', '', '', '', 120.00, NULL, 17, NULL, '', 200.00, 80.00, '', NULL, NULL, NULL);

-- --------------------------------------------------------

--
-- Table structure for table `tec_products`
--

CREATE TABLE IF NOT EXISTS `tec_products` (
  `id` int(11) NOT NULL AUTO_INCREMENT,
  `code` varchar(50) NOT NULL,
  `name` char(255) NOT NULL,
  `category_id` int(11) NOT NULL DEFAULT '1',
  `price` decimal(25,2) NOT NULL,
  `image` varchar(255) DEFAULT 'no_image.png',
  `tax` varchar(20) DEFAULT NULL,
  `cost` decimal(25,2) DEFAULT NULL,
  `tax_method` tinyint(1) DEFAULT '1',
  `quantity` decimal(15,2) DEFAULT '0.00',
  `barcode_symbology` varchar(20) NOT NULL DEFAULT 'code39',
  `type` varchar(20) NOT NULL DEFAULT 'standard',
  `details` text,
  `alert_quantity` decimal(10,2) DEFAULT '0.00',
  PRIMARY KEY (`id`),
  UNIQUE KEY `code` (`code`)
) ENGINE=InnoDB  DEFAULT CHARSET=utf8 AUTO_INCREMENT=35 ;

--
-- Dumping data for table `tec_products`
--

INSERT INTO `tec_products` (`id`, `code`, `name`, `category_id`, `price`, `image`, `tax`, `cost`, `tax_method`, `quantity`, `barcode_symbology`, `type`, `details`, `alert_quantity`) VALUES
(26, '111', 'Cuca - Recheada Uva', 1, 10.00, '8b9859e74ce7ffd9d95f126136b873c8.png', '0', 5.00, 0, 93.00, 'code39', 'standard', '', 99.00),
(27, '100', 'Pao', 1, 10.00, '9806dd3ee29ba0354f2c037e84004b7e.png', '0', 5.00, 0, 260.00, 'code39', 'standard', '', 50.00),
(29, '201', 'Água Mineral 500 ml', 3, 5.00, 'no_image.png', '0', 0.00, 0, 100.00, 'code39', 'standard', '', 20.00),
(30, '202', 'Cerveja Lata 473 ml', 3, 6.00, 'no_image.png', '0', 0.00, 0, 100.00, 'code39', 'standard', '', 20.00),
(31, '203', 'Chopp copo 400 ml', 3, 8.00, 'no_image.png', '0', 5.00, 0, 1000.00, 'code39', 'standard', '', 30.00),
(32, '204', 'Refrigerante Lata', 3, 4.00, 'no_image.png', '0', 2.00, 0, 99.00, 'code39', 'standard', '', 20.00),
(33, '205', 'Cerveja Lata Sem Álcool', 3, 6.00, 'no_image.png', '0', 2.70, 0, 98.00, 'code39', 'standard', '', 20.00),
(34, '301', 'Cachorro Quente', 5, 5.00, 'no_image.png', '0', 2.00, 0, 988.00, 'code39', 'standard', '', 50.00);

-- --------------------------------------------------------

--
-- Table structure for table `tec_purchases`
--

CREATE TABLE IF NOT EXISTS `tec_purchases` (
  `id` int(11) NOT NULL AUTO_INCREMENT,
  `reference` varchar(55) NOT NULL,
  `date` timestamp NOT NULL DEFAULT CURRENT_TIMESTAMP,
  `note` varchar(1000) NOT NULL,
  `total` decimal(25,2) NOT NULL,
  `attachment` varchar(255) DEFAULT NULL,
  `supplier_id` int(11) DEFAULT NULL,
  `received` tinyint(1) DEFAULT NULL,
  PRIMARY KEY (`id`)
) ENGINE=InnoDB DEFAULT CHARSET=utf8 AUTO_INCREMENT=1 ;

-- --------------------------------------------------------

--
-- Table structure for table `tec_purchase_items`
--

CREATE TABLE IF NOT EXISTS `tec_purchase_items` (
  `id` int(11) NOT NULL AUTO_INCREMENT,
  `purchase_id` int(11) NOT NULL,
  `product_id` int(11) NOT NULL,
  `quantity` decimal(15,2) NOT NULL,
  `cost` decimal(25,2) NOT NULL,
  `subtotal` decimal(25,2) NOT NULL,
  PRIMARY KEY (`id`)
) ENGINE=InnoDB DEFAULT CHARSET=utf8 AUTO_INCREMENT=1 ;

-- --------------------------------------------------------

--
-- Table structure for table `tec_registers`
--

CREATE TABLE IF NOT EXISTS `tec_registers` (
  `id` int(11) NOT NULL AUTO_INCREMENT,
  `date` timestamp NOT NULL DEFAULT CURRENT_TIMESTAMP,
  `user_id` int(11) NOT NULL,
  `cash_in_hand` decimal(25,2) NOT NULL,
  `status` varchar(10) NOT NULL,
  `total_cash` decimal(25,2) DEFAULT NULL,
  `total_cheques` int(11) DEFAULT NULL,
  `total_cc_slips` int(11) DEFAULT NULL,
  `total_cash_submitted` decimal(25,2) DEFAULT NULL,
  `total_cheques_submitted` int(11) DEFAULT NULL,
  `total_cc_slips_submitted` int(11) DEFAULT NULL,
  `note` text,
  `closed_at` timestamp NULL DEFAULT NULL,
  `transfer_opened_bills` varchar(50) DEFAULT NULL,
  `closed_by` int(11) DEFAULT NULL,
  PRIMARY KEY (`id`)
) ENGINE=InnoDB  DEFAULT CHARSET=utf8 AUTO_INCREMENT=30 ;

--
-- Dumping data for table `tec_registers`
--

INSERT INTO `tec_registers` (`id`, `date`, `user_id`, `cash_in_hand`, `status`, `total_cash`, `total_cheques`, `total_cc_slips`, `total_cash_submitted`, `total_cheques_submitted`, `total_cc_slips_submitted`, `note`, `closed_at`, `transfer_opened_bills`, `closed_by`) VALUES
(20, '2019-09-26 23:13:35', 4, 0.00, 'close', 0.00, 0, 0, 0.00, 0, 0, '', '2019-09-26 23:15:06', '0', 4),
(21, '2019-09-26 23:15:21', 4, 0.00, 'open', NULL, NULL, NULL, NULL, NULL, NULL, NULL, NULL, NULL, NULL),
(22, '2019-09-26 23:18:59', 11, 0.00, 'open', NULL, NULL, NULL, NULL, NULL, NULL, NULL, NULL, NULL, NULL),
(23, '2019-10-04 21:44:31', 12, 500.00, 'close', 580.00, 0, 0, 580.00, 0, 0, '', '2019-10-04 21:46:06', NULL, 12),
(24, '2019-10-31 23:23:54', 13, 2000.00, 'open', NULL, NULL, NULL, NULL, NULL, NULL, NULL, NULL, NULL, NULL),
(25, '2019-11-01 21:34:55', 14, 450.00, 'open', NULL, NULL, NULL, NULL, NULL, NULL, NULL, NULL, NULL, NULL),
(26, '2019-11-01 21:34:55', 18, 450.00, 'open', NULL, NULL, NULL, NULL, NULL, NULL, NULL, NULL, NULL, NULL),
(27, '2019-11-01 21:34:56', 16, 450.00, 'open', NULL, NULL, NULL, NULL, NULL, NULL, NULL, NULL, NULL, NULL),
(28, '2019-11-01 21:35:00', 15, 450.00, 'open', NULL, NULL, NULL, NULL, NULL, NULL, NULL, NULL, NULL, NULL),
(29, '2019-11-01 22:11:09', 17, 450.00, 'open', NULL, NULL, NULL, NULL, NULL, NULL, NULL, NULL, NULL, NULL);

-- --------------------------------------------------------

--
-- Table structure for table `tec_sales`
--

CREATE TABLE IF NOT EXISTS `tec_sales` (
  `id` int(11) NOT NULL AUTO_INCREMENT,
  `date` datetime NOT NULL,
  `customer_id` int(11) NOT NULL,
  `customer_name` varchar(55) NOT NULL,
  `total` decimal(25,2) NOT NULL,
  `product_discount` decimal(25,2) DEFAULT NULL,
  `order_discount_id` varchar(20) DEFAULT NULL,
  `order_discount` decimal(25,2) DEFAULT NULL,
  `total_discount` decimal(25,2) DEFAULT NULL,
  `product_tax` decimal(25,2) DEFAULT NULL,
  `order_tax_id` varchar(20) DEFAULT NULL,
  `order_tax` decimal(25,2) DEFAULT NULL,
  `total_tax` decimal(25,2) DEFAULT NULL,
  `grand_total` decimal(25,2) NOT NULL,
  `total_items` int(11) DEFAULT NULL,
  `total_quantity` decimal(15,2) DEFAULT NULL,
  `paid` decimal(25,2) DEFAULT NULL,
  `created_by` int(11) DEFAULT NULL,
  `updated_by` int(11) DEFAULT NULL,
  `updated_at` datetime DEFAULT NULL,
  `note` varchar(1000) DEFAULT NULL,
  `status` varchar(20) DEFAULT NULL,
  `rounding` decimal(8,2) DEFAULT NULL,
  PRIMARY KEY (`id`)
) ENGINE=InnoDB  DEFAULT CHARSET=utf8 AUTO_INCREMENT=59 ;

--
-- Dumping data for table `tec_sales`
--

INSERT INTO `tec_sales` (`id`, `date`, `customer_id`, `customer_name`, `total`, `product_discount`, `order_discount_id`, `order_discount`, `total_discount`, `product_tax`, `order_tax_id`, `order_tax`, `total_tax`, `grand_total`, `total_items`, `total_quantity`, `paid`, `created_by`, `updated_by`, `updated_at`, `note`, `status`, `rounding`) VALUES
(36, '2019-09-26 21:15:07', 2, 'Francisco', 10.00, 0.00, NULL, 0.00, 0.00, 0.00, '0%', 0.00, 0.00, 10.00, 1, 1.00, 10.00, 4, NULL, NULL, '', 'paid', 0.00),
(37, '2019-09-26 21:20:45', 2, 'Francisco', 20.00, 0.00, NULL, 0.00, 0.00, 0.00, '0%', 0.00, 0.00, 20.00, 2, 2.00, 20.00, 4, NULL, NULL, '', 'paid', 0.00),
(38, '2019-10-03 21:05:10', 2, 'Francisco', 10.00, 0.00, NULL, 0.00, 0.00, 0.00, '0%', 0.00, 0.00, 10.00, 1, 1.00, 10.00, 4, NULL, NULL, '', 'paid', 0.00),
(39, '2019-10-03 21:16:53', 2, 'Francisco', 10.00, 0.00, NULL, 0.00, 0.00, 0.00, '0%', 0.00, 0.00, 10.00, 1, 1.00, 10.00, 4, NULL, NULL, '', 'paid', 0.00),
(40, '2019-10-03 22:09:35', 2, 'Francisco', 10.00, 0.00, NULL, 0.00, 0.00, 0.00, '0%', 0.00, 0.00, 10.00, 1, 1.00, 10.00, 4, NULL, NULL, '', 'paid', 0.00),
(41, '2019-10-03 22:15:06', 2, 'Francisco', 10.00, 0.00, NULL, 0.00, 0.00, 0.00, '0%', 0.00, 0.00, 10.00, 1, 1.00, 30.00, 4, NULL, NULL, '', 'paid', 0.00),
(42, '2019-10-03 22:46:11', 2, 'Francisco', 30.00, 0.00, NULL, 0.00, 0.00, 0.00, '0%', 0.00, 0.00, 30.00, 2, 3.00, 30.00, 4, NULL, NULL, '', 'paid', 0.00),
(43, '2019-10-04 18:22:39', 2, 'Francisco', 60.00, 0.00, NULL, 0.00, 0.00, 0.00, '0%', 0.00, 0.00, 60.00, 2, 6.00, 60.00, 4, NULL, NULL, '', 'paid', 0.00),
(44, '2019-10-04 18:28:06', 2, 'Francisco', 20.00, 0.00, NULL, 0.00, 0.00, 0.00, '0%', 0.00, 0.00, 20.00, 2, 2.00, 20.00, 4, NULL, NULL, '', 'paid', 0.00),
(45, '2019-10-04 18:44:49', 2, 'Francisco', 60.00, 0.00, NULL, 0.00, 0.00, 0.00, '0%', 0.00, 0.00, 60.00, 2, 6.00, 60.00, 12, NULL, NULL, '', 'paid', 0.00),
(46, '2019-10-04 18:45:03', 2, 'Francisco', 20.00, 0.00, NULL, 0.00, 0.00, 0.00, '0%', 0.00, 0.00, 20.00, 2, 2.00, 20.00, 12, NULL, NULL, '', 'paid', 0.00),
(47, '2019-10-08 19:25:14', 2, 'Francisco', 20.00, 0.00, NULL, 0.00, 0.00, 0.00, '0%', 0.00, 0.00, 20.00, 2, 2.00, 20.00, 4, NULL, NULL, '', 'paid', 0.00),
(48, '2019-10-26 12:27:22', 2, 'Francisco', 30.00, 0.00, NULL, 0.00, 0.00, 0.00, '0%', 0.00, 0.00, 30.00, 2, 3.00, 30.00, 4, NULL, NULL, '', 'paid', 0.00),
(49, '2019-10-26 14:34:14', 2, 'Francisco', 20.00, 0.00, NULL, 0.00, 0.00, 0.00, '0%', 0.00, 0.00, 20.00, 2, 2.00, 20.00, 4, NULL, NULL, '', 'paid', 0.00),
(50, '2019-10-28 19:01:19', 4, 'teste01', 30.00, 0.00, NULL, 0.00, 0.00, 0.00, '0%', 0.00, 0.00, 30.00, 2, 3.00, 30.00, 4, NULL, NULL, '', 'paid', 0.00),
(51, '2019-10-30 19:15:44', 4, 'teste01', 60.00, 0.00, NULL, 0.00, 0.00, 0.00, '0%', 0.00, 0.00, 60.00, 2, 6.00, 60.00, 4, NULL, NULL, '', 'paid', 0.00),
(52, '2019-10-31 18:27:08', 2, 'Francisco', 70.00, 0.00, NULL, 0.00, 0.00, 0.00, '0%', 0.00, 0.00, 70.00, 2, 7.00, 70.00, 4, NULL, NULL, '', 'paid', 0.00),
(53, '2019-10-31 20:24:46', 3, 'Aline', 500.00, 0.00, NULL, 0.00, 0.00, 0.00, '0%', 0.00, 0.00, 500.00, 1, 50.00, 500.00, 13, NULL, NULL, '', 'paid', 0.00),
(54, '2019-11-01 18:18:12', 5, 'Publico em Geral', 30.00, 0.00, NULL, 0.00, 0.00, 0.00, '0%', 0.00, 0.00, 30.00, 1, 3.00, 30.00, 4, NULL, NULL, '', 'paid', 0.00),
(55, '2019-11-01 18:19:31', 5, 'Publico em Geral', 70.00, 0.00, NULL, 0.00, 0.00, 0.00, '0%', 0.00, 0.00, 70.00, 1, 7.00, 0.00, 4, NULL, NULL, '', 'due', 0.00),
(56, '2019-11-01 18:20:25', 5, 'Publico em Geral', 40.00, 0.00, NULL, 0.00, 0.00, 0.00, '0%', 0.00, 0.00, 40.00, 1, 4.00, 40.00, 4, NULL, NULL, '', 'paid', 0.00),
(57, '2019-11-01 19:34:34', 5, 'Publico em Geral', 120.00, 0.00, NULL, 0.00, 0.00, 0.00, '0%', 0.00, 0.00, 120.00, 2, 17.00, 120.00, 17, NULL, NULL, '', 'paid', 0.00),
(58, '2019-11-01 20:14:21', 5, 'Publico em Geral', 26.00, 0.00, NULL, 0.00, 0.00, 0.00, '0%', 0.00, 0.00, 26.00, 3, 5.00, 0.00, 17, NULL, NULL, '', 'due', 0.00);

-- --------------------------------------------------------

--
-- Table structure for table `tec_sale_items`
--

CREATE TABLE IF NOT EXISTS `tec_sale_items` (
  `id` int(11) NOT NULL AUTO_INCREMENT,
  `sale_id` int(11) NOT NULL,
  `product_id` int(11) NOT NULL,
  `quantity` decimal(15,2) NOT NULL,
  `unit_price` decimal(25,2) NOT NULL,
  `net_unit_price` decimal(25,2) NOT NULL,
  `discount` varchar(20) DEFAULT NULL,
  `item_discount` decimal(25,2) DEFAULT NULL,
  `tax` int(20) DEFAULT NULL,
  `item_tax` decimal(25,2) DEFAULT NULL,
  `subtotal` decimal(25,2) NOT NULL,
  `real_unit_price` decimal(25,2) DEFAULT NULL,
  `cost` decimal(25,2) DEFAULT '0.00',
  PRIMARY KEY (`id`)
) ENGINE=InnoDB  DEFAULT CHARSET=utf8 AUTO_INCREMENT=132 ;

--
-- Dumping data for table `tec_sale_items`
--

INSERT INTO `tec_sale_items` (`id`, `sale_id`, `product_id`, `quantity`, `unit_price`, `net_unit_price`, `discount`, `item_discount`, `tax`, `item_tax`, `subtotal`, `real_unit_price`, `cost`) VALUES
(94, 36, 27, 1.00, 10.00, 10.00, '0', 0.00, 0, 0.00, 10.00, 10.00, 5.00),
(95, 37, 26, 1.00, 10.00, 10.00, '0', 0.00, 0, 0.00, 10.00, 10.00, 5.00),
(96, 37, 27, 1.00, 10.00, 10.00, '0', 0.00, 0, 0.00, 10.00, 10.00, 5.00),
(97, 38, 27, 1.00, 10.00, 10.00, '0', 0.00, 0, 0.00, 10.00, 10.00, 5.00),
(98, 39, 26, 1.00, 10.00, 10.00, '0', 0.00, 0, 0.00, 10.00, 10.00, 5.00),
(99, 40, 26, 1.00, 10.00, 10.00, '0', 0.00, 0, 0.00, 10.00, 10.00, 5.00),
(100, 41, 26, 1.00, 10.00, 10.00, '0', 0.00, 0, 0.00, 10.00, 10.00, 5.00),
(101, 42, 26, 2.00, 10.00, 10.00, '0', 0.00, 0, 0.00, 20.00, 10.00, 5.00),
(102, 42, 27, 1.00, 10.00, 10.00, '0', 0.00, 0, 0.00, 10.00, 10.00, 5.00),
(103, 43, 26, 1.00, 10.00, 10.00, '0', 0.00, 0, 0.00, 10.00, 10.00, 5.00),
(104, 43, 27, 5.00, 10.00, 10.00, '0', 0.00, 0, 0.00, 50.00, 10.00, 5.00),
(105, 44, 26, 1.00, 10.00, 10.00, '0', 0.00, 0, 0.00, 10.00, 10.00, 5.00),
(106, 44, 27, 1.00, 10.00, 10.00, '0', 0.00, 0, 0.00, 10.00, 10.00, 5.00),
(107, 45, 26, 1.00, 10.00, 10.00, '0', 0.00, 0, 0.00, 10.00, 10.00, 5.00),
(108, 45, 27, 5.00, 10.00, 10.00, '0', 0.00, 0, 0.00, 50.00, 10.00, 5.00),
(109, 46, 26, 1.00, 10.00, 10.00, '0', 0.00, 0, 0.00, 10.00, 10.00, 5.00),
(110, 46, 27, 1.00, 10.00, 10.00, '0', 0.00, 0, 0.00, 10.00, 10.00, 5.00),
(111, 47, 26, 1.00, 10.00, 10.00, '0', 0.00, 0, 0.00, 10.00, 10.00, 5.00),
(112, 47, 27, 1.00, 10.00, 10.00, '0', 0.00, 0, 0.00, 10.00, 10.00, 5.00),
(113, 48, 26, 2.00, 10.00, 10.00, '0', 0.00, 0, 0.00, 20.00, 10.00, 5.00),
(114, 48, 27, 1.00, 10.00, 10.00, '0', 0.00, 0, 0.00, 10.00, 10.00, 5.00),
(115, 49, 26, 1.00, 10.00, 10.00, '0', 0.00, 0, 0.00, 10.00, 10.00, 5.00),
(116, 49, 27, 1.00, 10.00, 10.00, '0', 0.00, 0, 0.00, 10.00, 10.00, 5.00),
(117, 50, 26, 2.00, 10.00, 10.00, '0', 0.00, 0, 0.00, 20.00, 10.00, 5.00),
(118, 50, 27, 1.00, 10.00, 10.00, '0', 0.00, 0, 0.00, 10.00, 10.00, 5.00),
(119, 51, 26, 3.00, 10.00, 10.00, '0', 0.00, 0, 0.00, 30.00, 10.00, 5.00),
(120, 51, 27, 3.00, 10.00, 10.00, '0', 0.00, 0, 0.00, 30.00, 10.00, 5.00),
(121, 52, 26, 1.00, 10.00, 10.00, '0', 0.00, 0, 0.00, 10.00, 10.00, 5.00),
(122, 52, 27, 6.00, 10.00, 10.00, '0', 0.00, 0, 0.00, 60.00, 10.00, 5.00),
(123, 53, 26, 50.00, 10.00, 10.00, '0', 0.00, 0, 0.00, 500.00, 10.00, 5.00),
(124, 54, 26, 3.00, 10.00, 10.00, '0', 0.00, 0, 0.00, 30.00, 10.00, 5.00),
(125, 55, 27, 7.00, 10.00, 10.00, '0', 0.00, 0, 0.00, 70.00, 10.00, 5.00),
(126, 56, 27, 4.00, 10.00, 10.00, '0', 0.00, 0, 0.00, 40.00, 10.00, 5.00),
(127, 57, 26, 7.00, 10.00, 10.00, '0', 0.00, 0, 0.00, 70.00, 10.00, 5.00),
(128, 57, 34, 10.00, 5.00, 5.00, '0', 0.00, 0, 0.00, 50.00, 5.00, 2.00),
(129, 58, 32, 1.00, 4.00, 4.00, '0', 0.00, 0, 0.00, 4.00, 4.00, 2.00),
(130, 58, 33, 2.00, 6.00, 6.00, '0', 0.00, 0, 0.00, 12.00, 6.00, 2.70),
(131, 58, 34, 2.00, 5.00, 5.00, '0', 0.00, 0, 0.00, 10.00, 5.00, 2.00);

-- --------------------------------------------------------

--
-- Table structure for table `tec_sessions`
--

CREATE TABLE IF NOT EXISTS `tec_sessions` (
  `id` varchar(40) NOT NULL,
  `ip_address` varchar(45) NOT NULL,
  `timestamp` int(10) unsigned NOT NULL DEFAULT '0',
  `data` blob NOT NULL,
  PRIMARY KEY (`id`),
  KEY `ci_sessions_timestamp` (`timestamp`)
) ENGINE=InnoDB DEFAULT CHARSET=utf8;

--
-- Dumping data for table `tec_sessions`
--

INSERT INTO `tec_sessions` (`id`, `ip_address`, `timestamp`, `data`) VALUES
('00049459f810493fd91d12ce4688376f0b2cd6b7', '192.168.1.10', 1572644386, 0x5f5f63695f6c6173745f726567656e65726174657c693a313537323634343038383b6964656e746974797c733a393a227573756172696f4032223b757365726e616d657c733a383a227573756172696f32223b656d61696c7c733a393a227573756172696f4032223b757365725f69647c733a323a223135223b66697273745f6e616d657c733a383a227573756172696f32223b6c6173745f6e616d657c733a383a227573756172696f32223b637265617465645f6f6e7c733a33323a22303130312f313131312f323031393139313931392030363a31353a343520504d223b6f6c645f6c6173745f6c6f67696e7c733a31303a2231353732363433393232223b6c6173745f69707c733a31323a223139322e3136382e312e3130223b6176617461727c4e3b67656e6465727c733a343a226d616c65223b67726f75705f69647c733a313a2231223b72656769737465725f69647c733a323a223238223b636173685f696e5f68616e647c733a363a223435302e3030223b72656769737465725f6f70656e5f74696d657c733a31393a22323031392d31312d30312031383a33353a3030223b6d6573736167657c733a34323a223c703e4c6f6761646f20636f6d207375636573736f212053656a612042656d2056696e646f213c2f703e223b5f5f63695f766172737c613a313a7b733a373a226d657373616765223b733a333a226f6c64223b7d),
('18cc0f9e6af8e80c4655344541095078bd6b9d43', '192.168.1.9', 1572647026, 0x5f5f63695f6c6173745f726567656e65726174657c693a313537323634363938353b6964656e746974797c733a393a227573756172696f4031223b757365726e616d657c733a383a227573756172696f31223b656d61696c7c733a393a227573756172696f4031223b757365725f69647c733a323a223134223b66697273745f6e616d657c733a383a227573756172696f31223b6c6173745f6e616d657c733a383a227573756172696f31223b637265617465645f6f6e7c733a33323a22303130312f313131312f323031393139313931392030363a31353a313720504d223b6f6c645f6c6173745f6c6f67696e7c733a31303a2231353732363433383638223b6c6173745f69707c733a31313a223139322e3136382e312e39223b6176617461727c4e3b67656e6465727c733a343a226d616c65223b67726f75705f69647c733a313a2231223b72656769737465725f69647c733a323a223235223b636173685f696e5f68616e647c733a363a223435302e3030223b72656769737465725f6f70656e5f74696d657c733a31393a22323031392d31312d30312031383a33343a3535223b),
('1bdda6b76c7f4f5643d7741cfeb93cfae5440efb', '192.168.1.9', 1572644426, 0x5f5f63695f6c6173745f726567656e65726174657c693a313537323634343334393b6964656e746974797c733a393a227573756172696f4031223b757365726e616d657c733a383a227573756172696f31223b656d61696c7c733a393a227573756172696f4031223b757365725f69647c733a323a223134223b66697273745f6e616d657c733a383a227573756172696f31223b6c6173745f6e616d657c733a383a227573756172696f31223b637265617465645f6f6e7c733a33323a22303130312f313131312f323031393139313931392030363a31353a313720504d223b6f6c645f6c6173745f6c6f67696e7c733a31303a2231353732363433383638223b6c6173745f69707c733a31313a223139322e3136382e312e39223b6176617461727c4e3b67656e6465727c733a343a226d616c65223b67726f75705f69647c733a313a2231223b72656769737465725f69647c733a323a223235223b636173685f696e5f68616e647c733a363a223435302e3030223b72656769737465725f6f70656e5f74696d657c733a31393a22323031392d31312d30312031383a33343a3535223b),
('206de713fdae4893269aa64c759eaed048bbb5b6', '192.168.1.11', 1572647177, 0x5f5f63695f6c6173745f726567656e65726174657c693a313537323634363834373b6964656e746974797c733a393a227573756172696f4034223b757365726e616d657c733a383a227573756172696f34223b656d61696c7c733a393a227573756172696f4034223b757365725f69647c733a323a223137223b66697273745f6e616d657c733a383a227573756172696f34223b6c6173745f6e616d657c733a383a227573756172696f34223b637265617465645f6f6e7c733a33323a22303130312f313131312f323031393139313931392030363a33333a303120504d223b6f6c645f6c6173745f6c6f67696e7c733a31303a2231353732363436323336223b6c6173745f69707c733a31323a223139322e3136382e312e3131223b6176617461727c4e3b67656e6465727c733a343a226d616c65223b67726f75705f69647c733a313a2231223b72656769737465725f69647c733a323a223239223b636173685f696e5f68616e647c733a363a223435302e3030223b72656769737465725f6f70656e5f74696d657c733a31393a22323031392d31312d30312031393a31313a3039223b),
('282b32f653810981471b49ec924e69edc9136a5a', '192.168.1.11', 1572649943, 0x5f5f63695f6c6173745f726567656e65726174657c693a313537323634393735393b6964656e746974797c733a393a227573756172696f4034223b757365726e616d657c733a383a227573756172696f34223b656d61696c7c733a393a227573756172696f4034223b757365725f69647c733a323a223137223b66697273745f6e616d657c733a383a227573756172696f34223b6c6173745f6e616d657c733a383a227573756172696f34223b637265617465645f6f6e7c733a33323a22303130312f313131312f323031393139313931392030363a33333a303120504d223b6f6c645f6c6173745f6c6f67696e7c733a31303a2231353732363436323336223b6c6173745f69707c733a31323a223139322e3136382e312e3131223b6176617461727c4e3b67656e6465727c733a343a226d616c65223b67726f75705f69647c733a313a2231223b72656769737465725f69647c733a323a223239223b636173685f696e5f68616e647c733a363a223435302e3030223b72656769737465725f6f70656e5f74696d657c733a31393a22323031392d31312d30312031393a31313a3039223b),
('3b25b5058ce2463ca1c534e1b379c59ebaea1375', '192.168.1.10', 1572644801, 0x5f5f63695f6c6173745f726567656e65726174657c693a313537323634343830313b6964656e746974797c733a393a227573756172696f4032223b757365726e616d657c733a383a227573756172696f32223b656d61696c7c733a393a227573756172696f4032223b757365725f69647c733a323a223135223b66697273745f6e616d657c733a383a227573756172696f32223b6c6173745f6e616d657c733a383a227573756172696f32223b637265617465645f6f6e7c733a33323a22303130312f313131312f323031393139313931392030363a31353a343520504d223b6f6c645f6c6173745f6c6f67696e7c733a31303a2231353732363433393232223b6c6173745f69707c733a31323a223139322e3136382e312e3130223b6176617461727c4e3b67656e6465727c733a343a226d616c65223b67726f75705f69647c733a313a2231223b72656769737465725f69647c733a323a223238223b636173685f696e5f68616e647c733a363a223435302e3030223b72656769737465725f6f70656e5f74696d657c733a31393a22323031392d31312d30312031383a33353a3030223b),
('3f3c007ceb177adb5995fc10d67d2cebbd30134e', '192.168.1.2', 1572646545, 0x5f5f63695f6c6173745f726567656e65726174657c693a313537323634363239383b6964656e746974797c733a393a227573756172696f4035223b757365726e616d657c733a383a227573756172696f35223b656d61696c7c733a393a227573756172696f4035223b757365725f69647c733a323a223138223b66697273745f6e616d657c733a383a227573756172696f35223b6c6173745f6e616d657c733a383a227573756172696f35223b637265617465645f6f6e7c733a33323a22303130312f313131312f323031393139313931392030363a33333a333120504d223b6f6c645f6c6173745f6c6f67696e7c733a31303a2231353732363434303232223b6c6173745f69707c733a31313a223139322e3136382e312e32223b6176617461727c4e3b67656e6465727c733a343a226d616c65223b67726f75705f69647c733a313a2231223b72656769737465725f69647c733a323a223236223b636173685f696e5f68616e647c733a363a223435302e3030223b72656769737465725f6f70656e5f74696d657c733a31393a22323031392d31312d30312031383a33343a3535223b),
('46919bf8adea09e792892abc4de594aecec7440f', '192.168.1.11', 1572646476, 0x5f5f63695f6c6173745f726567656e65726174657c693a313537323634363139323b6964656e746974797c733a393a227573756172696f4034223b757365726e616d657c733a383a227573756172696f34223b656d61696c7c733a393a227573756172696f4034223b757365725f69647c733a323a223137223b66697273745f6e616d657c733a383a227573756172696f34223b6c6173745f6e616d657c733a383a227573756172696f34223b637265617465645f6f6e7c733a33323a22303130312f313131312f323031393139313931392030363a33333a303120504d223b6f6c645f6c6173745f6c6f67696e7c733a31303a2231353732363436323336223b6c6173745f69707c733a31323a223139322e3136382e312e3131223b6176617461727c4e3b67656e6465727c733a343a226d616c65223b67726f75705f69647c733a313a2231223b72656769737465725f69647c733a323a223239223b636173685f696e5f68616e647c733a363a223435302e3030223b72656769737465725f6f70656e5f74696d657c733a31393a22323031392d31312d30312031393a31313a3039223b),
('4ef3b99fddb7ba896757e32d21ce8b23121d8d5b', '192.168.1.7', 1572643943, 0x5f5f63695f6c6173745f726567656e65726174657c693a313537323634333738303b6964656e746974797c733a393a227573756172696f4033223b757365726e616d657c733a383a227573756172696f33223b656d61696c7c733a393a227573756172696f4033223b757365725f69647c733a323a223136223b66697273745f6e616d657c733a383a227573756172696f33223b6c6173745f6e616d657c733a383a227573756172696f33223b637265617465645f6f6e7c733a33323a22303130312f313131312f323031393139313931392030363a33313a323720504d223b6f6c645f6c6173745f6c6f67696e7c733a31303a2231353732363433393136223b6c6173745f69707c733a31313a223139322e3136382e312e37223b6176617461727c4e3b67656e6465727c733a343a226d616c65223b67726f75705f69647c733a313a2232223b5f5f63695f766172737c613a313a7b733a353a226572726f72223b733a333a226f6c64223b7d6572726f727c733a37373a224f204361697861206ec3a36f20657374c3a12061626572746f2c20706f72206661766f7220696e666f726d65206f2076616c6f7220646f20636169786120706172612061206162657274757261223b),
('5cc345ef5136386775ecc017570d9d8754887622', '192.168.1.2', 1572648447, 0x5f5f63695f6c6173745f726567656e65726174657c693a313537323634383434373b6964656e746974797c733a393a227573756172696f4035223b757365726e616d657c733a383a227573756172696f35223b656d61696c7c733a393a227573756172696f4035223b757365725f69647c733a323a223138223b66697273745f6e616d657c733a383a227573756172696f35223b6c6173745f6e616d657c733a383a227573756172696f35223b637265617465645f6f6e7c733a33323a22303130312f313131312f323031393139313931392030363a33333a333120504d223b6f6c645f6c6173745f6c6f67696e7c733a31303a2231353732363434303232223b6c6173745f69707c733a31313a223139322e3136382e312e32223b6176617461727c4e3b67656e6465727c733a343a226d616c65223b67726f75705f69647c733a313a2231223b72656769737465725f69647c733a323a223236223b636173685f696e5f68616e647c733a363a223435302e3030223b72656769737465725f6f70656e5f74696d657c733a31393a22323031392d31312d30312031383a33343a3535223b),
('5ee3a04bbb045d199250f3d717188401408226de', '192.168.1.9', 1572643869, 0x5f5f63695f6c6173745f726567656e65726174657c693a313537323634333738303b6964656e746974797c733a393a227573756172696f4031223b757365726e616d657c733a383a227573756172696f31223b656d61696c7c733a393a227573756172696f4031223b757365725f69647c733a323a223134223b66697273745f6e616d657c733a383a227573756172696f31223b6c6173745f6e616d657c733a383a227573756172696f31223b637265617465645f6f6e7c733a33323a22303130312f313131312f323031393139313931392030363a31353a313720504d223b6f6c645f6c6173745f6c6f67696e7c733a31303a2231353732363432393137223b6c6173745f69707c4e3b6176617461727c4e3b67656e6465727c733a343a226d616c65223b67726f75705f69647c733a313a2232223b5f5f63695f766172737c613a313a7b733a353a226572726f72223b733a333a226f6c64223b7d6572726f727c733a37373a224f204361697861206ec3a36f20657374c3a12061626572746f2c20706f72206661766f7220696e666f726d65206f2076616c6f7220646f20636169786120706172612061206162657274757261223b),
('72794f4f5a8d05d5202fda6900bfc70c10e93a10', '192.168.1.11', 1572650558, 0x5f5f63695f6c6173745f726567656e65726174657c693a313537323635303336373b6964656e746974797c733a393a227573756172696f4034223b757365726e616d657c733a383a227573756172696f34223b656d61696c7c733a393a227573756172696f4034223b757365725f69647c733a323a223137223b66697273745f6e616d657c733a383a227573756172696f34223b6c6173745f6e616d657c733a383a227573756172696f34223b637265617465645f6f6e7c733a33323a22303130312f313131312f323031393139313931392030363a33333a303120504d223b6f6c645f6c6173745f6c6f67696e7c733a31303a2231353732363436323336223b6c6173745f69707c733a31323a223139322e3136382e312e3131223b6176617461727c4e3b67656e6465727c733a343a226d616c65223b67726f75705f69647c733a313a2231223b72656769737465725f69647c733a323a223239223b636173685f696e5f68616e647c733a363a223435302e3030223b72656769737465725f6f70656e5f74696d657c733a31393a22323031392d31312d30312031393a31313a3039223b),
('8316ab6881f3d722d61698595b115418bc38677a', '192.168.1.11', 1572650294, 0x5f5f63695f6c6173745f726567656e65726174657c693a313537323635303036313b6964656e746974797c733a393a227573756172696f4034223b757365726e616d657c733a383a227573756172696f34223b656d61696c7c733a393a227573756172696f4034223b757365725f69647c733a323a223137223b66697273745f6e616d657c733a383a227573756172696f34223b6c6173745f6e616d657c733a383a227573756172696f34223b637265617465645f6f6e7c733a33323a22303130312f313131312f323031393139313931392030363a33333a303120504d223b6f6c645f6c6173745f6c6f67696e7c733a31303a2231353732363436323336223b6c6173745f69707c733a31323a223139322e3136382e312e3131223b6176617461727c4e3b67656e6465727c733a343a226d616c65223b67726f75705f69647c733a313a2231223b72656769737465725f69647c733a323a223239223b636173685f696e5f68616e647c733a363a223435302e3030223b72656769737465725f6f70656e5f74696d657c733a31393a22323031392d31312d30312031393a31313a3039223b),
('8a83fe9212678122f176c391663888f1310bb209', '192.168.1.2', 1572649090, 0x5f5f63695f6c6173745f726567656e65726174657c693a313537323634393039303b6964656e746974797c733a393a227573756172696f4035223b757365726e616d657c733a383a227573756172696f35223b656d61696c7c733a393a227573756172696f4035223b757365725f69647c733a323a223138223b66697273745f6e616d657c733a383a227573756172696f35223b6c6173745f6e616d657c733a383a227573756172696f35223b637265617465645f6f6e7c733a33323a22303130312f313131312f323031393139313931392030363a33333a333120504d223b6f6c645f6c6173745f6c6f67696e7c733a31303a2231353732363434303232223b6c6173745f69707c733a31313a223139322e3136382e312e32223b6176617461727c4e3b67656e6465727c733a343a226d616c65223b67726f75705f69647c733a313a2231223b72656769737465725f69647c733a323a223236223b636173685f696e5f68616e647c733a363a223435302e3030223b72656769737465725f6f70656e5f74696d657c733a31393a22323031392d31312d30312031383a33343a3535223b),
('8cf8c44a45413d26c31d18bfca497fabf30ce858', '192.168.1.11', 1572648396, 0x5f5f63695f6c6173745f726567656e65726174657c693a313537323634383339363b6964656e746974797c733a393a227573756172696f4034223b757365726e616d657c733a383a227573756172696f34223b656d61696c7c733a393a227573756172696f4034223b757365725f69647c733a323a223137223b66697273745f6e616d657c733a383a227573756172696f34223b6c6173745f6e616d657c733a383a227573756172696f34223b637265617465645f6f6e7c733a33323a22303130312f313131312f323031393139313931392030363a33333a303120504d223b6f6c645f6c6173745f6c6f67696e7c733a31303a2231353732363436323336223b6c6173745f69707c733a31323a223139322e3136382e312e3131223b6176617461727c4e3b67656e6465727c733a343a226d616c65223b67726f75705f69647c733a313a2231223b72656769737465725f69647c733a323a223239223b636173685f696e5f68616e647c733a363a223435302e3030223b72656769737465725f6f70656e5f74696d657c733a31393a22323031392d31312d30312031393a31313a3039223b726d73706f737c693a313b),
('8e389bb7466b114dcf8662c7ec4da8571a6fd94e', '192.168.1.10', 1572644413, 0x5f5f63695f6c6173745f726567656e65726174657c693a313537323634343431333b6964656e746974797c733a393a227573756172696f4032223b757365726e616d657c733a383a227573756172696f32223b656d61696c7c733a393a227573756172696f4032223b757365725f69647c733a323a223135223b66697273745f6e616d657c733a383a227573756172696f32223b6c6173745f6e616d657c733a383a227573756172696f32223b637265617465645f6f6e7c733a33323a22303130312f313131312f323031393139313931392030363a31353a343520504d223b6f6c645f6c6173745f6c6f67696e7c733a31303a2231353732363433393232223b6c6173745f69707c733a31323a223139322e3136382e312e3130223b6176617461727c4e3b67656e6465727c733a343a226d616c65223b67726f75705f69647c733a313a2231223b72656769737465725f69647c733a323a223238223b636173685f696e5f68616e647c733a363a223435302e3030223b72656769737465725f6f70656e5f74696d657c733a31393a22323031392d31312d30312031383a33353a3030223b),
('a3b79fbae70a73e234e2b1c1d0b4ca3028538dd6', '192.168.1.9', 1572646140, 0x5f5f63695f6c6173745f726567656e65726174657c693a313537323634363130393b6964656e746974797c733a393a227573756172696f4031223b757365726e616d657c733a383a227573756172696f31223b656d61696c7c733a393a227573756172696f4031223b757365725f69647c733a323a223134223b66697273745f6e616d657c733a383a227573756172696f31223b6c6173745f6e616d657c733a383a227573756172696f31223b637265617465645f6f6e7c733a33323a22303130312f313131312f323031393139313931392030363a31353a313720504d223b6f6c645f6c6173745f6c6f67696e7c733a31303a2231353732363433383638223b6c6173745f69707c733a31313a223139322e3136382e312e39223b6176617461727c4e3b67656e6465727c733a343a226d616c65223b67726f75705f69647c733a313a2231223b72656769737465725f69647c733a323a223235223b636173685f696e5f68616e647c733a363a223435302e3030223b72656769737465725f6f70656e5f74696d657c733a31393a22323031392d31312d30312031383a33343a3535223b),
('a6c9b801d66d52047d762337aa340b227d5398de', '192.168.1.2', 1572643114, 0x5f5f63695f6c6173745f726567656e65726174657c693a313537323634323831373b6964656e746974797c733a32323a226d657373696e6140686f746d61696c2e636f6d2e6272223b757365726e616d657c733a373a226d657373696e61223b656d61696c7c733a32323a226d657373696e6140686f746d61696c2e636f6d2e6272223b757365725f69647c733a313a2234223b66697273745f6e616d657c733a373a224d657373696e61223b6c6173745f6e616d657c733a373a224d657373696e61223b637265617465645f6f6e7c733a33323a22323932392f303330332f323031363136313631362031303a35323a313820414d223b6f6c645f6c6173745f6c6f67696e7c733a31303a2231353732353634313336223b6c6173745f69707c733a31323a2231302e38302e32372e313930223b6176617461727c4e3b67656e6465727c733a343a226d616c65223b67726f75705f69647c733a313a2231223b72656769737465725f69647c733a323a223231223b636173685f696e5f68616e647c733a343a22302e3030223b72656769737465725f6f70656e5f74696d657c733a31393a22323031392d30392d32362032303a31353a3231223b),
('ac23448439d63f83e11f00f0168a23938780f56c', '192.168.1.2', 1572643225, 0x5f5f63695f6c6173745f726567656e65726174657c693a313537323634333131383b6964656e746974797c733a32323a226d657373696e6140686f746d61696c2e636f6d2e6272223b757365726e616d657c733a373a226d657373696e61223b656d61696c7c733a32323a226d657373696e6140686f746d61696c2e636f6d2e6272223b757365725f69647c733a313a2234223b66697273745f6e616d657c733a373a224d657373696e61223b6c6173745f6e616d657c733a373a224d657373696e61223b637265617465645f6f6e7c733a33323a22323932392f303330332f323031363136313631362031303a35323a313820414d223b6f6c645f6c6173745f6c6f67696e7c733a31303a2231353732353634313336223b6c6173745f69707c733a31323a2231302e38302e32372e313930223b6176617461727c4e3b67656e6465727c733a343a226d616c65223b67726f75705f69647c733a313a2231223b72656769737465725f69647c733a323a223231223b636173685f696e5f68616e647c733a343a22302e3030223b72656769737465725f6f70656e5f74696d657c733a31393a22323031392d30392d32362032303a31353a3231223b726d73706f737c693a313b6d6573736167657c733a32363a2256656e646120656665747561646120636f6d207375636573736f223b5f5f63695f766172737c613a313a7b733a373a226d657373616765223b733a333a226f6c64223b7d),
('b1ae5b8a3dfe13aa96d8086ce7562a6ef115e131', '192.168.1.11', 1572646710, 0x5f5f63695f6c6173745f726567656e65726174657c693a313537323634363533353b6964656e746974797c733a393a227573756172696f4034223b757365726e616d657c733a383a227573756172696f34223b656d61696c7c733a393a227573756172696f4034223b757365725f69647c733a323a223137223b66697273745f6e616d657c733a383a227573756172696f34223b6c6173745f6e616d657c733a383a227573756172696f34223b637265617465645f6f6e7c733a33323a22303130312f313131312f323031393139313931392030363a33333a303120504d223b6f6c645f6c6173745f6c6f67696e7c733a31303a2231353732363436323336223b6c6173745f69707c733a31323a223139322e3136382e312e3131223b6176617461727c4e3b67656e6465727c733a343a226d616c65223b67726f75705f69647c733a313a2231223b72656769737465725f69647c733a323a223239223b636173685f696e5f68616e647c733a363a223435302e3030223b72656769737465725f6f70656e5f74696d657c733a31393a22323031392d31312d30312031393a31313a3039223b),
('bdd393390f6d4853b054437c10799562f4186f17', '192.168.1.11', 1572647378, 0x5f5f63695f6c6173745f726567656e65726174657c693a313537323634373230313b6964656e746974797c733a393a227573756172696f4034223b757365726e616d657c733a383a227573756172696f34223b656d61696c7c733a393a227573756172696f4034223b757365725f69647c733a323a223137223b66697273745f6e616d657c733a383a227573756172696f34223b6c6173745f6e616d657c733a383a227573756172696f34223b637265617465645f6f6e7c733a33323a22303130312f313131312f323031393139313931392030363a33333a303120504d223b6f6c645f6c6173745f6c6f67696e7c733a31303a2231353732363436323336223b6c6173745f69707c733a31323a223139322e3136382e312e3131223b6176617461727c4e3b67656e6465727c733a343a226d616c65223b67726f75705f69647c733a313a2231223b72656769737465725f69647c733a323a223239223b636173685f696e5f68616e647c733a363a223435302e3030223b72656769737465725f6f70656e5f74696d657c733a31393a22323031392d31312d30312031393a31313a3039223b),
('bfc090caadc1434fb74e8d95c31dc8497fbb557e', '192.168.1.9', 1572646049, 0x5f5f63695f6c6173745f726567656e65726174657c693a313537323634353739323b6964656e746974797c733a393a227573756172696f4031223b757365726e616d657c733a383a227573756172696f31223b656d61696c7c733a393a227573756172696f4031223b757365725f69647c733a323a223134223b66697273745f6e616d657c733a383a227573756172696f31223b6c6173745f6e616d657c733a383a227573756172696f31223b637265617465645f6f6e7c733a33323a22303130312f313131312f323031393139313931392030363a31353a313720504d223b6f6c645f6c6173745f6c6f67696e7c733a31303a2231353732363433383638223b6c6173745f69707c733a31313a223139322e3136382e312e39223b6176617461727c4e3b67656e6465727c733a343a226d616c65223b67726f75705f69647c733a313a2231223b72656769737465725f69647c733a323a223235223b636173685f696e5f68616e647c733a363a223435302e3030223b72656769737465725f6f70656e5f74696d657c733a31393a22323031392d31312d30312031383a33343a3535223b),
('c01cd07d15b902a04d65f153869cece57cf67795', '192.168.1.6', 1572642840, 0x5f5f63695f6c6173745f726567656e65726174657c693a313537323634323834303b),
('c3f21d5c49885941c01195db643841a4aff402f0', '192.168.1.11', 1572647674, 0x5f5f63695f6c6173745f726567656e65726174657c693a313537323634373637343b6964656e746974797c733a393a227573756172696f4034223b757365726e616d657c733a383a227573756172696f34223b656d61696c7c733a393a227573756172696f4034223b757365725f69647c733a323a223137223b66697273745f6e616d657c733a383a227573756172696f34223b6c6173745f6e616d657c733a383a227573756172696f34223b637265617465645f6f6e7c733a33323a22303130312f313131312f323031393139313931392030363a33333a303120504d223b6f6c645f6c6173745f6c6f67696e7c733a31303a2231353732363436323336223b6c6173745f69707c733a31323a223139322e3136382e312e3131223b6176617461727c4e3b67656e6465727c733a343a226d616c65223b67726f75705f69647c733a313a2231223b72656769737465725f69647c733a323a223239223b636173685f696e5f68616e647c733a363a223435302e3030223b72656769737465725f6f70656e5f74696d657c733a31393a22323031392d31312d30312031393a31313a3039223b726d73706f737c693a313b6d6573736167657c733a32363a2256656e646120656665747561646120636f6d207375636573736f223b5f5f63695f766172737c613a313a7b733a373a226d657373616765223b733a333a226f6c64223b7d),
('c687d7c9bbf17878592e0b04d47bf73f35dd6695', '192.168.1.9', 1572645305, 0x5f5f63695f6c6173745f726567656e65726174657c693a313537323634353130353b6964656e746974797c733a393a227573756172696f4031223b757365726e616d657c733a383a227573756172696f31223b656d61696c7c733a393a227573756172696f4031223b757365725f69647c733a323a223134223b66697273745f6e616d657c733a383a227573756172696f31223b6c6173745f6e616d657c733a383a227573756172696f31223b637265617465645f6f6e7c733a33323a22303130312f313131312f323031393139313931392030363a31353a313720504d223b6f6c645f6c6173745f6c6f67696e7c733a31303a2231353732363433383638223b6c6173745f69707c733a31313a223139322e3136382e312e39223b6176617461727c4e3b67656e6465727c733a343a226d616c65223b67726f75705f69647c733a313a2231223b72656769737465725f69647c733a323a223235223b636173685f696e5f68616e647c733a363a223435302e3030223b72656769737465725f6f70656e5f74696d657c733a31393a22323031392d31312d30312031383a33343a3535223b),
('d1456b81da5db50a46579ea1bcbc17dc6a45285a', '192.168.1.11', 1572649394, 0x5f5f63695f6c6173745f726567656e65726174657c693a313537323634393232343b6964656e746974797c733a393a227573756172696f4034223b757365726e616d657c733a383a227573756172696f34223b656d61696c7c733a393a227573756172696f4034223b757365725f69647c733a323a223137223b66697273745f6e616d657c733a383a227573756172696f34223b6c6173745f6e616d657c733a383a227573756172696f34223b637265617465645f6f6e7c733a33323a22303130312f313131312f323031393139313931392030363a33333a303120504d223b6f6c645f6c6173745f6c6f67696e7c733a31303a2231353732363436323336223b6c6173745f69707c733a31323a223139322e3136382e312e3131223b6176617461727c4e3b67656e6465727c733a343a226d616c65223b67726f75705f69647c733a313a2231223b72656769737465725f69647c733a323a223239223b636173685f696e5f68616e647c733a363a223435302e3030223b72656769737465725f6f70656e5f74696d657c733a31393a22323031392d31312d30312031393a31313a3039223b726d73706f737c693a313b),
('d342b077b24da6fcb18dbdddb02b63860ce441d8', '192.168.1.7', 1572644537, 0x5f5f63695f6c6173745f726567656e65726174657c693a313537323634343338363b6964656e746974797c733a393a227573756172696f4033223b757365726e616d657c733a383a227573756172696f33223b656d61696c7c733a393a227573756172696f4033223b757365725f69647c733a323a223136223b66697273745f6e616d657c733a383a227573756172696f33223b6c6173745f6e616d657c733a383a227573756172696f33223b637265617465645f6f6e7c733a33323a22303130312f313131312f323031393139313931392030363a33313a323720504d223b6f6c645f6c6173745f6c6f67696e7c733a31303a2231353732363433393433223b6c6173745f69707c733a31313a223139322e3136382e312e37223b6176617461727c4e3b67656e6465727c733a343a226d616c65223b67726f75705f69647c733a313a2231223b72656769737465725f69647c733a323a223237223b636173685f696e5f68616e647c733a363a223435302e3030223b72656769737465725f6f70656e5f74696d657c733a31393a22323031392d31312d30312031383a33343a3536223b),
('d691d3d26e06d5520d4a16d56a309504c3ff3e4b', '192.168.1.2', 1572644427, 0x5f5f63695f6c6173745f726567656e65726174657c693a313537323634343330353b6964656e746974797c733a393a227573756172696f4035223b757365726e616d657c733a383a227573756172696f35223b656d61696c7c733a393a227573756172696f4035223b757365725f69647c733a323a223138223b66697273745f6e616d657c733a383a227573756172696f35223b6c6173745f6e616d657c733a383a227573756172696f35223b637265617465645f6f6e7c733a33323a22303130312f313131312f323031393139313931392030363a33333a333120504d223b6f6c645f6c6173745f6c6f67696e7c733a31303a2231353732363434303232223b6c6173745f69707c733a31313a223139322e3136382e312e32223b6176617461727c4e3b67656e6465727c733a343a226d616c65223b67726f75705f69647c733a313a2231223b72656769737465725f69647c733a323a223236223b636173685f696e5f68616e647c733a363a223435302e3030223b72656769737465725f6f70656e5f74696d657c733a31393a22323031392d31312d30312031383a33343a3535223b),
('dbe06c3c07a816e64036b228c48454fcc65f3ae8', '::1', 1572649090, 0x5f5f63695f6c6173745f726567656e65726174657c693a313537323634393039303b),
('df6924b5b54b0026a2e59e37cdb46f616c63b085', '192.168.1.10', 1572643923, 0x5f5f63695f6c6173745f726567656e65726174657c693a313537323634333738373b6964656e746974797c733a393a227573756172696f4032223b757365726e616d657c733a383a227573756172696f32223b656d61696c7c733a393a227573756172696f4032223b757365725f69647c733a323a223135223b66697273745f6e616d657c733a383a227573756172696f32223b6c6173745f6e616d657c733a383a227573756172696f32223b637265617465645f6f6e7c733a33323a22303130312f313131312f323031393139313931392030363a31353a343520504d223b6f6c645f6c6173745f6c6f67696e7c733a31303a2231353732363432393435223b6c6173745f69707c4e3b6176617461727c4e3b67656e6465727c733a343a226d616c65223b67726f75705f69647c733a313a2232223b5f5f63695f766172737c613a313a7b733a353a226572726f72223b733a333a226f6c64223b7d6572726f727c733a37373a224f204361697861206ec3a36f20657374c3a12061626572746f2c20706f72206661766f7220696e666f726d65206f2076616c6f7220646f20636169786120706172612061206162657274757261223b),
('f0573b87f0341155476fa6f156bc7ded8a735c01', '192.168.1.9', 1572645102, 0x5f5f63695f6c6173745f726567656e65726174657c693a313537323634343830313b6964656e746974797c733a393a227573756172696f4031223b757365726e616d657c733a383a227573756172696f31223b656d61696c7c733a393a227573756172696f4031223b757365725f69647c733a323a223134223b66697273745f6e616d657c733a383a227573756172696f31223b6c6173745f6e616d657c733a383a227573756172696f31223b637265617465645f6f6e7c733a33323a22303130312f313131312f323031393139313931392030363a31353a313720504d223b6f6c645f6c6173745f6c6f67696e7c733a31303a2231353732363433383638223b6c6173745f69707c733a31313a223139322e3136382e312e39223b6176617461727c4e3b67656e6465727c733a343a226d616c65223b67726f75705f69647c733a313a2231223b72656769737465725f69647c733a323a223235223b636173685f696e5f68616e647c733a363a223435302e3030223b72656769737465725f6f70656e5f74696d657c733a31393a22323031392d31312d30312031383a33343a3535223b),
('fc03b11b8b01cb7cf708e023a7d289acebbbe4ad', '192.168.1.2', 1572649172, 0x5f5f63695f6c6173745f726567656e65726174657c693a313537323634393135343b6964656e746974797c733a32323a226d657373696e6140686f746d61696c2e636f6d2e6272223b757365726e616d657c733a373a226d657373696e61223b656d61696c7c733a32323a226d657373696e6140686f746d61696c2e636f6d2e6272223b757365725f69647c733a313a2234223b66697273745f6e616d657c733a373a224d657373696e61223b6c6173745f6e616d657c733a373a224d657373696e61223b637265617465645f6f6e7c733a33323a22323932392f303330332f323031363136313631362031303a35323a313820414d223b6f6c645f6c6173745f6c6f67696e7c733a31303a2231353732363434313938223b6c6173745f69707c733a31313a223139322e3136382e312e32223b6176617461727c4e3b67656e6465727c733a343a226d616c65223b67726f75705f69647c733a313a2231223b72656769737465725f69647c733a323a223231223b636173685f696e5f68616e647c733a343a22302e3030223b72656769737465725f6f70656e5f74696d657c733a31393a22323031392d30392d32362032303a31353a3231223b);

-- --------------------------------------------------------

--
-- Table structure for table `tec_settings`
--

CREATE TABLE IF NOT EXISTS `tec_settings` (
  `setting_id` int(1) NOT NULL,
  `logo` varchar(255) NOT NULL,
  `site_name` varchar(55) NOT NULL,
  `tel` varchar(20) NOT NULL,
  `dateformat` varchar(20) DEFAULT NULL,
  `timeformat` varchar(20) DEFAULT NULL,
  `default_email` varchar(100) NOT NULL,
  `language` varchar(20) NOT NULL,
  `version` varchar(5) NOT NULL DEFAULT '1.0',
  `theme` varchar(20) NOT NULL,
  `timezone` varchar(255) NOT NULL DEFAULT '0',
  `protocol` varchar(20) NOT NULL DEFAULT 'mail',
  `smtp_host` varchar(255) DEFAULT NULL,
  `smtp_user` varchar(100) DEFAULT NULL,
  `smtp_pass` varchar(255) DEFAULT NULL,
  `smtp_port` varchar(10) DEFAULT '25',
  `smtp_crypto` varchar(5) DEFAULT NULL,
  `mmode` tinyint(1) NOT NULL,
  `captcha` tinyint(1) NOT NULL DEFAULT '1',
  `mailpath` varchar(55) DEFAULT NULL,
  `currency_prefix` varchar(3) NOT NULL,
  `default_customer` int(11) NOT NULL,
  `default_tax_rate` varchar(20) NOT NULL,
  `rows_per_page` int(2) NOT NULL,
  `total_rows` int(2) NOT NULL,
  `header` varchar(1000) NOT NULL,
  `footer` varchar(1000) NOT NULL,
  `bsty` tinyint(4) NOT NULL,
  `display_kb` tinyint(4) NOT NULL,
  `default_category` int(11) NOT NULL,
  `default_discount` varchar(20) NOT NULL,
  `item_addition` tinyint(1) NOT NULL,
  `barcode_symbology` varchar(55) NOT NULL,
  `pro_limit` tinyint(4) NOT NULL,
  `decimals` tinyint(1) NOT NULL DEFAULT '2',
  `thousands_sep` varchar(2) NOT NULL DEFAULT ',',
  `decimals_sep` varchar(2) NOT NULL DEFAULT '.',
  `focus_add_item` varchar(55) DEFAULT NULL,
  `add_customer` varchar(55) DEFAULT NULL,
  `toggle_category_slider` varchar(55) DEFAULT NULL,
  `cancel_sale` varchar(55) DEFAULT NULL,
  `suspend_sale` varchar(55) DEFAULT NULL,
  `print_order` varchar(55) DEFAULT NULL,
  `print_bill` varchar(55) DEFAULT NULL,
  `finalize_sale` varchar(55) DEFAULT NULL,
  `today_sale` varchar(55) DEFAULT NULL,
  `open_hold_bills` varchar(55) DEFAULT NULL,
  `close_register` varchar(55) DEFAULT NULL,
  `java_applet` tinyint(1) NOT NULL,
  `receipt_printer` varchar(55) DEFAULT NULL,
  `pos_printers` varchar(255) DEFAULT NULL,
  `cash_drawer_codes` varchar(55) DEFAULT NULL,
  `char_per_line` tinyint(4) DEFAULT '42',
  `rounding` tinyint(1) DEFAULT '0',
  `pin_code` varchar(20) DEFAULT NULL,
  `stripe` tinyint(1) DEFAULT NULL,
  `stripe_secret_key` varchar(100) DEFAULT NULL,
  `stripe_publishable_key` varchar(100) DEFAULT NULL,
  `purchase_code` varchar(100) DEFAULT NULL,
  `envato_username` varchar(50) DEFAULT NULL,
  PRIMARY KEY (`setting_id`)
) ENGINE=InnoDB DEFAULT CHARSET=utf8;

--
-- Dumping data for table `tec_settings`
--

INSERT INTO `tec_settings` (`setting_id`, `logo`, `site_name`, `tel`, `dateformat`, `timeformat`, `default_email`, `language`, `version`, `theme`, `timezone`, `protocol`, `smtp_host`, `smtp_user`, `smtp_pass`, `smtp_port`, `smtp_crypto`, `mmode`, `captcha`, `mailpath`, `currency_prefix`, `default_customer`, `default_tax_rate`, `rows_per_page`, `total_rows`, `header`, `footer`, `bsty`, `display_kb`, `default_category`, `default_discount`, `item_addition`, `barcode_symbology`, `pro_limit`, `decimals`, `thousands_sep`, `decimals_sep`, `focus_add_item`, `add_customer`, `toggle_category_slider`, `cancel_sale`, `suspend_sale`, `print_order`, `print_bill`, `finalize_sale`, `today_sale`, `open_hold_bills`, `close_register`, `java_applet`, `receipt_printer`, `pos_printers`, `cash_drawer_codes`, `char_per_line`, `rounding`, `pin_code`, `stripe`, `stripe_secret_key`, `stripe_publishable_key`, `purchase_code`, `envato_username`) VALUES
(1, 'logo11.png', 'Festa da Uva', '55 99172-8057', 'dd/mm/Yyyy', 'h:i:s A', 'messina@hotmail.com.br', 'portugues', '4.0', 'default', 'Amercia/Belem', 'mail', '', '', '', '25', '', 0, 0, NULL, 'R$ ', 1, '0%', 25, 30, '<h2>Festa da Uva</h2>', 'Volte Sempre!\r\n<br>', 3, 0, 1, '0', 1, '', 100, 2, ',', '.', 'F7', 'ALT+F2', 'ALT+F10', 'F3', 'F2', 'F6', 'F4', 'F1', 'Ctrl+F1', 'F5', 'ALT+F7', 0, '', '', '', 42, 0, '1234', 1, 'sk_test_jHf4cEzAYtgcXvgWPCsQAn50', 'pk_test_beat8SWPORb0OVdF2H77A7uG', 'ff2400d9-f3aa-4db5-9dc5-4eee236c6254', 'Festa Da Uva');

-- --------------------------------------------------------

--
-- Table structure for table `tec_suppliers`
--

CREATE TABLE IF NOT EXISTS `tec_suppliers` (
  `id` int(11) NOT NULL AUTO_INCREMENT,
  `name` varchar(55) NOT NULL,
  `cf1` varchar(255) NOT NULL,
  `cf2` varchar(255) NOT NULL,
  `phone` varchar(20) NOT NULL,
  `email` varchar(100) NOT NULL,
  PRIMARY KEY (`id`)
) ENGINE=InnoDB  DEFAULT CHARSET=utf8 AUTO_INCREMENT=3 ;

--
-- Dumping data for table `tec_suppliers`
--

INSERT INTO `tec_suppliers` (`id`, `name`, `cf1`, `cf2`, `phone`, `email`) VALUES
(2, 'Messina', '02631969090', '', '55 9 91728057', 'messina@hotmail.combr');

-- --------------------------------------------------------

--
-- Table structure for table `tec_suspended_items`
--

CREATE TABLE IF NOT EXISTS `tec_suspended_items` (
  `id` int(11) NOT NULL AUTO_INCREMENT,
  `suspend_id` int(11) NOT NULL,
  `product_id` int(11) NOT NULL,
  `quantity` decimal(15,2) NOT NULL,
  `unit_price` decimal(25,2) NOT NULL,
  `net_unit_price` decimal(25,2) NOT NULL,
  `discount` varchar(20) DEFAULT NULL,
  `item_discount` decimal(25,2) DEFAULT NULL,
  `tax` int(20) DEFAULT NULL,
  `item_tax` decimal(25,2) DEFAULT NULL,
  `subtotal` decimal(25,2) NOT NULL,
  `real_unit_price` decimal(25,2) DEFAULT NULL,
  PRIMARY KEY (`id`)
) ENGINE=InnoDB  DEFAULT CHARSET=utf8 AUTO_INCREMENT=10 ;

--
-- Dumping data for table `tec_suspended_items`
--

INSERT INTO `tec_suspended_items` (`id`, `suspend_id`, `product_id`, `quantity`, `unit_price`, `net_unit_price`, `discount`, `item_discount`, `tax`, `item_tax`, `subtotal`, `real_unit_price`) VALUES
(4, 2, 15, 3.00, 2.00, 2.00, '0', 0.00, 0, 0.00, 6.00, 2.00),
(5, 2, 16, 1.00, 2.00, 2.00, '0', 0.00, 0, 0.00, 2.00, 2.00),
(8, 2, 26, 3.00, 10.00, 10.00, '0', 0.00, 0, 0.00, 30.00, 10.00),
(9, 2, 27, 2.00, 10.00, 10.00, '0', 0.00, 0, 0.00, 20.00, 10.00);

-- --------------------------------------------------------

--
-- Table structure for table `tec_suspended_sales`
--

CREATE TABLE IF NOT EXISTS `tec_suspended_sales` (
  `id` int(11) NOT NULL AUTO_INCREMENT,
  `date` datetime NOT NULL,
  `customer_id` int(11) NOT NULL,
  `customer_name` varchar(55) NOT NULL,
  `total` decimal(25,2) NOT NULL,
  `product_discount` decimal(25,2) DEFAULT NULL,
  `order_discount_id` varchar(20) DEFAULT NULL,
  `order_discount` decimal(25,2) DEFAULT NULL,
  `total_discount` decimal(25,2) DEFAULT NULL,
  `product_tax` decimal(25,2) DEFAULT NULL,
  `order_tax_id` varchar(20) DEFAULT NULL,
  `order_tax` decimal(25,2) DEFAULT NULL,
  `total_tax` decimal(25,2) DEFAULT NULL,
  `grand_total` decimal(25,2) NOT NULL,
  `total_items` int(11) DEFAULT NULL,
  `total_quantity` decimal(15,2) DEFAULT NULL,
  `paid` decimal(25,2) DEFAULT NULL,
  `created_by` int(11) DEFAULT NULL,
  `updated_by` int(11) DEFAULT NULL,
  `updated_at` datetime DEFAULT NULL,
  `note` varchar(1000) DEFAULT NULL,
  `hold_ref` varchar(255) DEFAULT NULL,
  PRIMARY KEY (`id`)
) ENGINE=InnoDB  DEFAULT CHARSET=utf8 AUTO_INCREMENT=3 ;

--
-- Dumping data for table `tec_suspended_sales`
--

INSERT INTO `tec_suspended_sales` (`id`, `date`, `customer_id`, `customer_name`, `total`, `product_discount`, `order_discount_id`, `order_discount`, `total_discount`, `product_tax`, `order_tax_id`, `order_tax`, `total_tax`, `grand_total`, `total_items`, `total_quantity`, `paid`, `created_by`, `updated_by`, `updated_at`, `note`, `hold_ref`) VALUES
(2, '2019-10-31 18:35:27', 2, 'Francisco', 50.00, 0.00, NULL, 0.00, 0.00, 0.00, '0%', 0.00, 0.00, 50.00, 2, 5.00, 0.00, 4, NULL, NULL, '', 'kkk');

-- --------------------------------------------------------

--
-- Table structure for table `tec_users`
--

CREATE TABLE IF NOT EXISTS `tec_users` (
  `id` int(11) unsigned NOT NULL AUTO_INCREMENT,
  `last_ip_address` varbinary(45) DEFAULT NULL,
  `ip_address` varbinary(45) DEFAULT NULL,
  `username` varchar(100) NOT NULL,
  `password` varchar(40) NOT NULL,
  `salt` varchar(40) DEFAULT NULL,
  `email` varchar(100) NOT NULL,
  `activation_code` varchar(40) DEFAULT NULL,
  `forgotten_password_code` varchar(40) DEFAULT NULL,
  `forgotten_password_time` int(11) unsigned DEFAULT NULL,
  `remember_code` varchar(40) DEFAULT NULL,
  `created_on` int(11) unsigned NOT NULL,
  `last_login` int(11) unsigned DEFAULT NULL,
  `active` tinyint(1) unsigned DEFAULT NULL,
  `first_name` varchar(50) DEFAULT NULL,
  `last_name` varchar(50) DEFAULT NULL,
  `company` varchar(100) DEFAULT NULL,
  `phone` varchar(20) DEFAULT NULL,
  `avatar` varchar(55) DEFAULT NULL,
  `gender` varchar(20) DEFAULT NULL,
  `group_id` int(11) unsigned NOT NULL DEFAULT '2',
  PRIMARY KEY (`id`),
  KEY `group_id` (`group_id`)
) ENGINE=InnoDB  DEFAULT CHARSET=utf8 AUTO_INCREMENT=19 ;

--
-- Dumping data for table `tec_users`
--

INSERT INTO `tec_users` (`id`, `last_ip_address`, `ip_address`, `username`, `password`, `salt`, `email`, `activation_code`, `forgotten_password_code`, `forgotten_password_time`, `remember_code`, `created_on`, `last_login`, `active`, `first_name`, `last_name`, `company`, `phone`, `avatar`, `gender`, `group_id`) VALUES
(4, '192.168.1.2', '168.90.88.42', 'messina', '13a0b78f278e777d4bd11e2a7cf4c0c5a99bbc7b', NULL, 'messina@hotmail.com.br', NULL, NULL, NULL, NULL, 1459259538, 1572649161, 1, 'Messina', 'Messina', NULL, '55991728057', NULL, 'male', 1),
(9, '::1', '::1', 'shardong', '046744d04a058c50840f95da99dddb7d0e5e682c', NULL, 'shardong@shardong.com', 'e4cec75c193c806a9186ae33c4f5d6a3c6537320', NULL, NULL, NULL, 1564613831, 1565107578, 1, 'Shardong', 'Shardong', NULL, '55 999999999', NULL, 'male', 1),
(10, NULL, '::1', 'ivo', '7da17498cf1cca38de84b1161a9e3e19fee9cea7', NULL, 'ivo@ivo.com', NULL, NULL, NULL, NULL, 1564613878, 1564613878, 1, 'Ivo', 'ivo', NULL, '55 999999999', NULL, 'male', 1),
(14, '192.168.1.9', '192.168.1.2', 'usuario1', 'aa2e714667a010d0198d0dff6f5fd724f5ade46a', NULL, 'usuario@1', NULL, NULL, NULL, NULL, 1572642917, 1572644353, 1, 'usuario1', 'usuario1', NULL, '999999', NULL, 'male', 1),
(15, '192.168.1.10', '192.168.1.2', 'usuario2', 'd0ce04749bd6ddc1f25d40a7ff5a838c3c21a836', NULL, 'usuario@2', NULL, NULL, NULL, NULL, 1572642945, 1572644385, 1, 'usuario2', 'usuario2', NULL, '999999', NULL, 'male', 1),
(16, '192.168.1.7', '192.168.1.2', 'usuario3', '9c423f47d594ed96a295754fc73922d1cba6ad2d', NULL, 'usuario@3', NULL, NULL, NULL, NULL, 1572643887, 1572644400, 1, 'usuario3', 'usuario3', NULL, '999999', NULL, 'male', 1),
(17, '192.168.1.11', '192.168.1.2', 'usuario4', 'fc647b98c4fbd9324989ccc001ac5fcd38702b71', NULL, 'usuario@4', NULL, NULL, NULL, NULL, 1572643981, 1572646237, 1, 'usuario4', 'usuario4', NULL, '999999', NULL, 'male', 1),
(18, '192.168.1.2', '192.168.1.2', 'usuario5', '10bd6fa8b9947e6a34541393855a9069e70fbaac', NULL, 'usuario@5', NULL, NULL, NULL, NULL, 1572644011, 1572644312, 1, 'usuario5', 'usuario5', NULL, '999999', NULL, 'male', 1);

-- --------------------------------------------------------

--
-- Table structure for table `tec_user_logins`
--

CREATE TABLE IF NOT EXISTS `tec_user_logins` (
  `id` int(11) NOT NULL AUTO_INCREMENT,
  `user_id` int(11) NOT NULL,
  `company_id` int(11) DEFAULT NULL,
  `ip_address` varbinary(16) NOT NULL,
  `login` varchar(100) NOT NULL,
  `time` timestamp NULL DEFAULT CURRENT_TIMESTAMP,
  PRIMARY KEY (`id`)
) ENGINE=InnoDB  DEFAULT CHARSET=utf8 AUTO_INCREMENT=125 ;

--
-- Dumping data for table `tec_user_logins`
--

INSERT INTO `tec_user_logins` (`id`, `user_id`, `company_id`, `ip_address`, `login`, `time`) VALUES
(97, 11, NULL, '::1', 'teste@teste.teste', '2019-09-26 23:18:54'),
(98, 4, NULL, '::1', 'messina@hotmail.com.br', '2019-09-26 23:20:17'),
(99, 4, NULL, '::1', 'messina@hotmail.com.br', '2019-10-04 00:04:37'),
(100, 4, NULL, '::1', 'messina@hotmail.com.br', '2019-10-04 21:17:55'),
(101, 4, NULL, '::1', 'messina@hotmail.com.br', '2019-10-04 21:27:51'),
(102, 12, NULL, '::1', 'teste@t.t', '2019-10-04 21:44:11'),
(103, 4, NULL, '::1', 'messina@hotmail.com.br', '2019-10-04 21:46:16'),
(104, 4, NULL, '::1', 'messina@hotmail.com.br', '2019-10-08 22:24:53'),
(105, 4, NULL, '::1', 'messina@hotmail.com.br', '2019-10-26 15:25:35'),
(106, 4, NULL, '::1', 'messina@hotmail.com.br', '2019-10-28 21:45:16'),
(107, 4, NULL, '::1', 'messina@hotmail.com.br', '2019-10-30 22:13:57'),
(108, 4, NULL, '::1', 'messina@hotmail.com.br', '2019-10-31 21:21:36'),
(109, 4, NULL, '10.80.27.190', 'messina@hotmail.com.br', '2019-10-31 23:22:16'),
(110, 13, NULL, '10.80.15.191', 'jhon@jhon.jhon', '2019-10-31 23:23:25'),
(111, 4, NULL, '192.168.1.2', 'messina@hotmail.com.br', '2019-11-01 21:14:13'),
(112, 14, NULL, '192.168.1.9', 'usuario@1', '2019-11-01 21:31:08'),
(113, 16, NULL, '192.168.1.7', 'usuario@3', '2019-11-01 21:31:56'),
(114, 15, NULL, '192.168.1.10', 'usuario@2', '2019-11-01 21:32:02'),
(115, 16, NULL, '192.168.1.7', 'usuario@3', '2019-11-01 21:32:23'),
(116, 18, NULL, '192.168.1.2', 'usuario@5', '2019-11-01 21:33:42'),
(117, 4, NULL, '192.168.1.2', 'messina@hotmail.com.br', '2019-11-01 21:36:38'),
(118, 18, NULL, '192.168.1.2', 'usuario@5', '2019-11-01 21:38:32'),
(119, 14, NULL, '192.168.1.9', 'usuario@1', '2019-11-01 21:39:13'),
(120, 15, NULL, '192.168.1.10', 'usuario@2', '2019-11-01 21:39:45'),
(121, 16, NULL, '192.168.1.7', 'usuario@3', '2019-11-01 21:40:00'),
(122, 17, NULL, '192.168.1.11', 'usuario@4', '2019-11-01 22:10:36'),
(123, 17, NULL, '192.168.1.11', 'usuario@4', '2019-11-01 22:10:37'),
(124, 4, NULL, '192.168.1.2', 'messina@hotmail.com.br', '2019-11-01 22:59:21');

/*!40101 SET CHARACTER_SET_CLIENT=@OLD_CHARACTER_SET_CLIENT */;
/*!40101 SET CHARACTER_SET_RESULTS=@OLD_CHARACTER_SET_RESULTS */;
/*!40101 SET COLLATION_CONNECTION=@OLD_COLLATION_CONNECTION */;
